{"cameraMode":{"drawMode":0,"name":"Shaded","section":"Shading Mode"},"sceneLighting":true,"audioPlay":false,"sceneViewState":{"showFog":true,"showMaterialUpdate":false,"showSkybox":true,"showFlares":true,"showImageEffects":true,"showParticleSystems":true},"in2DMode":false,"pivot":{"x":21.480318069458009,"y":-50.44551086425781,"z":66.40299987792969},"rotation":{"x":-0.31420400738716128,"y":-0.1579369306564331,"z":0.05309811234474182,"w":-0.9346326589584351},"size":57.280426025390628,"orthographic":false}