{"cameraMode":{"drawMode":0,"name":"Shaded","section":"Shading Mode"},"sceneLighting":true,"audioPlay":false,"sceneViewState":{"showFog":true,"showMaterialUpdate":false,"showSkybox":true,"showFlares":true,"showImageEffects":true,"showParticleSystems":true},"in2DMode":false,"pivot":{"x":71.74034118652344,"y":6.676139831542969,"z":-13.40081787109375},"rotation":{"x":0.07903604209423065,"y":-0.04275679588317871,"z":-0.0033832588233053686,"w":-0.9959649443626404},"size":256.4560852050781,"orthographic":false}