{"cameraMode":{"drawMode":0,"name":"Shaded","section":"Shading Mode"},"sceneLighting":true,"audioPlay":false,"sceneViewState":{"showFog":true,"showMaterialUpdate":false,"showSkybox":true,"showFlares":true,"showImageEffects":true,"showParticleSystems":true},"in2DMode":false,"pivot":{"x":171.40386962890626,"y":253.21658325195313,"z":-150.06539916992188},"rotation":{"x":0.33350783586502077,"y":-0.17341148853302003,"z":-0.06254389882087708,"w":-0.9245656728744507},"size":256.4560852050781,"orthographic":false}