{"cameraMode":{"drawMode":0,"name":"Shaded","section":"Shading Mode"},"sceneLighting":true,"audioPlay":false,"sceneViewState":{"showFog":true,"showMaterialUpdate":false,"showSkybox":true,"showFlares":true,"showImageEffects":true,"showParticleSystems":true},"in2DMode":false,"pivot":{"x":90.99327087402344,"y":26.919649124145509,"z":27.56140899658203},"rotation":{"x":-0.02275468222796917,"y":-0.0683324858546257,"z":0.0015671090222895146,"w":-0.9974159598350525},"size":606.7796630859375,"orthographic":false}