{"cameraMode":{"drawMode":0,"name":"Shaded","section":"Shading Mode"},"sceneLighting":true,"audioPlay":false,"sceneViewState":{"showFog":true,"showMaterialUpdate":false,"showSkybox":true,"showFlares":true,"showImageEffects":true,"showParticleSystems":true},"in2DMode":false,"pivot":{"x":-1.3943359851837159,"y":1.3954362869262696,"z":0.326568603515625},"rotation":{"x":-0.1495567411184311,"y":0.04951123520731926,"z":-0.007498558610677719,"w":-0.9874874949455261},"size":10.0,"orthographic":false}